Label,Modification,Nucleotide,Site_Count,Sample_Count,Site_Percentage,Sample_Percentage
1,Am,A,1937,1935,0.0009,0.9486
2,Atol,A,49435,49435,0.0242,24.2337
3,Cm,C,2230,2219,0.0011,1.0878
4,Gm,G,2221,2196,0.0011,1.0765
5,Tm,U,2323,2323,0.0011,1.1388
6,Y,U,82867,36944,0.0406,18.1104
7,ac4C,C,3925,3925,0.0019,1.9241
8,m1A,A,15489,15489,0.0076,7.5929
9,m5C,C,3383,3381,0.0017,1.6574
10,m6A,A,260744,114195,0.1277,55.9799
11,m6Am,A,2221,2221,0.0011,1.0888
12,m7G,G,1508,1508,0.0007,0.7392
Total,,,428283,235771,100.0000,100.0000
